DATE,VEHICLE,Site,PAYLOAD,ORBIT,Operator,Manufacture,Use,Comm'l Price,L,M,
1/16/2010,Long March 3C,Xichang,Beidou 3,GEO,CAST,CAST,Navigation,,S,S,
1/27/2010,Proton M,Baikonur,Raduga-1M,GEO,Russian MoD,ISS Reshetnev,Communications,,S,S,
2/2/2010,Soyuz,Baikonur,Progress ISS 36P,LEO,Roscosmos,RSC Energia,ISS,,S,S,
2/7/2010,Shuttle Endeavour KSC,Baikonur,STS 130,LEO,NASA,Rockwell International,Crewed,,S,S,
2/10/2010,Atlas V 401,CCAFS,Solar DynamicsObservatory,GEO,NASA/GSFC,NASA/GSFC,Scientific,,S,S,
2/11/2010,Proton M,Baikonur,* Intelsat 16,GEO,Intelsat,Orbital Sciences Corp.,Communications,$100M,S,S,
3/1/2010,Proton M,Baikonur,Glonass M R19,MEO,Russian MoD,ISS Reshetnev,Navigation,,S,S,
3/1/2010,Proton M,Baikonur,Glonass M R20,MEO,Russian MoD,ISS Reshetnev,Navigation,,S,S,
3/1/2010,Proton M,Baikonur,Glonass M R21,MEO,Russian MoD,ISS Reshetnev,Navigation,,S,S,
3/3/2010,Delta IV Medium,CCAFS,GOES-P,GEO,NOAA,Boeing,Meteorological,$100M,S,S,
3/4/2010,Long March 4C,Jiuquan,Yaogan 9,LEO,CNSA,SAS,Remote Sensing,,S,S,
3/19/2010,Proton M,Baikonur,* Echostar XIV,GEO,Echostar CommunicationsCorportation,Space Systems/Loral,Communications,$100M,S,S,
4/1/2010,Soyuz,Baikonur,Soyuz ISS 22S,LEO,Roscosmos,RSC Energia,ISS,,S,S,
4/4/2010,Shuttle Discovery,KSC,STS 131,LEO,NASA,Rockwell International,Crewed,,S,S,
4/7/2010,Dnepr M,Baikonur,* Cryosat 2,LEO,ESA,EADS Astrium,Remote Sensing,$12M,S,S,
4/14/2010,GSLV Mark 2,Satish DhawanSpace Center,* GSAT 4,GEO,ISRO,ISRO,Communications,,F,F,
4/15/2010,Soyuz-U,Plesetsk,Kosmos 2462,LEO,Russian MoD,TsSKB Progress,Classified,,S,S,
4/21/2010,Atlas V 501,CCAFS,X-37B OTV,LEO,USAF,Boeing,Development,,S,S,
4/24/2010,Proton M,Baikonur,* SES-1,GEO,SES World Skies,Orbital Sciences Corp.,Communications,$85M,S,S,
4/26/2010,Kosmos 3M,Plesetsk,Kosmos 2463,LEO,Russian MoD,ISS Reshetnev,Classified,,S,S,
4/27/2010,Soyuz,Baikonur,Progress ISS 37P,LEO,Roscosmos,RSC Energia,ISS,,S,S,
5/13/2010,Shuttle Atlantis,KSC,STS 132,LEO,NASA,Rockwell International,Crewed,,S,S,
5/20/2010,Ariane 5 ECA,Kourou,* Astra 3B,GEO,SES Astra,EADS Astrium,Communications,$220M,S,S,
5/20/2010,Ariane 5 ECA,Kourou,COMSATBw 2,GEO,German Defense Ministry,EADS Astrium,Communications,,S,S,
5/20/2010,H IIA 202,Tanegashima,AKATSUKI,EXT,JAXA,JAXA,Scientific,,S,S,
5/20/2010,H IIA 202,Tanegashima,Ikaros,LEO,JAXA,JAXA,Development,,S,S,
5/20/2010,H IIA 202,Tanegashima,K-Sat,LEO,Kagoshima University,Kagoshima University,Scientific,,S,S,
5/20/2010,H IIA 202,Tanegashima,Nagai,LEO,Soka University,Soka University,Development,,S,S,
5/20/2010,H IIA 202,Tanegashima,Unitec-1,EXT,JAXA,JAXA,Scientific,,S,S,
5/20/2010,H IIA 202,Tanegashima,Waseda-Sat 2,LEO,Waseda University,JAXA,Scientific,,S,S,
5/26/2010,Delta IV Medium,CCAFS,Navstar GPS 2F-01,MEO,USAF,Boeing,Navigation,,S,S,
6/1/2010,Long March 3C,Xichang,Beidou 2,GEO,CAST,CAST,Navigation,,S,S,
6/1/2010,Rockot,Plesetsk,* SERVIS 2,SSO,USEF,USEF,Development,$30M,S,S,
6/3/2010,Proton M,Baikonur,* BADR-5,GEO,Arab SatelliteCommunications Org.,EADS Astrium,Communications,$85M,S,S,
6/3/2010,Falcon 9,CCAFS,* Falcon 9 Demo Flight,LEO,Space ExporationTechnologies,Space ExplorationTechnologies,Test,$56M,S,S,
6/8/2010,KSLV 1,Naro SpaceCenter,STSAT 2b,SSO,KARI,KARI,Scientific,,F,F,
6/14/2010,Dnepr M,Dombarovskiy,Prisma Main,SSO,Swedish Space Corp.,Swedish Space Corp.,Development,$12M,S,S,
6/14/2010,Dnepr M,Dombarovskiy,Picard,SSO,CNES,CNES,Scientific,,S,S,
6/14/2010,Dnepr M,Dombarovskiy,Prisma Target,SSO,Swedish Space Corp.,Swedish Space Corp.,Development,,S,S,
6/14/2010,Long March 2D,Jiuquan,Shijian 12,LEO,China AerospaceCorporation,SAS,Scientific,,S,S,
6/15/2010,Soyuz,Baikonur,Soyuz ISS 23S,LEO,Roscosmos,RSC Energia,ISS,,S,S,
6/20/2010,Dnepr M,Baikonur,* TanDEM X,SSO,Infoterra Ltd.,EADS Astrium,Remote Sensing,$12M,S,S,
6/21/2010,Shavit,Palmachim AFB,Ofeq 9,LEO,Israel MoD,IAI,Remote Sensing,,S,S,
6/26/2010,Ariane 5 ECA,Kourou,* Arabsat 5A,GEO,Arab SatelliteCommunications Org.,EADS Astrium,Communications,$220M,S,S,
6/26/2010,Ariane 5 ECA,Kourou,* COMS 1,GEO,KARI,EADS Astrium,Other,,S,S,
6/29/2010,Soyuz,Baikonur,Progress ISS 38P,LEO,Roscosmos,RSC Energia,ISS,,S,S,
7/9/2010,Proton M,Baikonur,* EchoStar XV,GEO,Echostar CommunicationsCorporation,Space Systems/Loral,Communications,$85M,S,S,
7/11/2010,PSLV,Satish Dhawan,Cartosat 2B,SSO,ISRO,ISRO,Remote Sensing,,S,S,
7/11/2010,PSLV,Space Center,AISSat-1,SSO,Norwegian Defense,University of Toronto,Development,,S,S,
7/11/2010,PSLV,Space Center,AISSat-1,SSO,Research Establishment,,Development,,S,S,
7/11/2010,PSLV,Space Center,TIsat-1,SSO,University of Applied,University of Applied,Development,,S,S,
7/11/2010,PSLV,Space Center,TIsat-1,SSO,Sciences of Southern,Sciences of Southern,Development,,S,S,
7/11/2010,PSLV,Space Center,TIsat-1,SSO,Switzerland,Switzerland,Development,,S,S,
7/11/2010,PSLV,Space Center,Alsat 2A,SSO,National Center for Space,EADS Astrium,Remote Sensing,,S,S,
7/11/2010,PSLV,Space Center,Alsat 2A,SSO,Technology,EADS Astrium,Remote Sensing,,S,S,
7/11/2010,PSLV,Space Center,StudSat,LEO,ISRO,ISRO,Development,,S,S,
8/1/2010,Long March 3A,Xichang,Beidou 2-IGS 1,GEO,China,CAST,Navigation,,S,S,
8/4/2010,Ariane 5 ECA,Kourou,* Nilesat 201,GEO,Nilesat,Thales Alenia Space,Communications,$220M,S,S,
8/4/2010,Ariane 5 ECA,Kourou,* RASCOM 1R,GEO,RascomStar-QAF,Thales Alenia Space,Communications,,S,S,
8/10/2010,Long March 4C,Taiyuan,Yaogen 10,LEO,China,SAS,Remote Sensing,,S,S,
8/14/2010,Atlas V 531,CCAFS,Advanced EHF 1,GEO,USAF,Lockheed Martin Corp.,Communications,,S,S,
8/24/2010,Long March 2D,Jiuquan,Tian Hui-1,LEO,China,CAST,Remote Sensing,,S,S,
9/2/2010,Proton M,Baikonur,Glonass M36,MEO,Russian MoD,ISS Reshetnev,Navigation,,S,S,
9/2/2010,Proton M,Baikonur,Glonass M37,MEO,Russian MoD,ISS Reshetnev,Navigation,,S,S,
9/2/2010,Proton M,Baikonur,Glonass M38,MEO,Russian MoD,ISS Reshetnev,Navigation,,S,S,
9/4/2010,Long March 3B,Xichang,Chinasat 6A,GEO,SINO - SatelliteCommunication Co. Ltd.,CAST,Communications,,S,S,
9/8/2010,Rockot,Plesetsk,Gonets M 2,LEO,Roscosmos,ISS Reshetnev,Communications,,S,S,
9/10/2010,Soyuz,Baikonur,Progress ISS 39P,LEO,Roscosmos,RSC Energia,ISS,,S,S,
9/11/2010,H IIA 202,Tanegashima,QZS-1,GEO,JAXA,JAXA,Communications,,S,S,
9/20/2010,Atlas V 501,VAFB,NRO L-41,LEO,NRO,USA,Classified,,S,S,
9/21/2010,Long March 2D,Jiuquan,Yaogan 11,SSO,China,SAS,Remote Sensing,,S,S,
9/26/2010,Minotaur IV,VAFB,SBSS 1,SSO,USAF,Boeing,Classified,,S,S,
9/30/2010,Molniya-M,Plesetsk,Kosmos 2469,ELI,Russian Space Forces,NPO Lavotchkin,Classified,,S,S,
10/1/2010,Long March 3C,Xichang,Chang'e 2,EXT,China National SpaceAdministration,CAST,Scientific,,S,S,
10/6/2010,Long March 4B,Taiyuan,Shijian 6,SSO,China National SpaceAdministration,CAST,Scientific,,S,S,
10/7/2010,Soyuz,Baikonur,Soyuz ISS 24S,LEO,Roscosmos,RSC Energia,ISS,,S,S,
10/14/2010,Proton M,Baikonur,* XM 5,GEO,"XM Satellite Radio, Inc.",Space Systems/Loral,Communications,$85M,S,S,
10/19/2010,Soyuz 2 1A,Baikonur,*Globalstar2ndGen1,LEO,"Globalstar, Inc.",Thales Alenia Space,Communications,$50M,S,S,
10/19/2010,Soyuz 2 1A,Baikonur,*Globalstar2ndGen2,LEO,"Globalstar, Inc.",Thales Alenia Space,Communications,,S,S,
10/19/2010,Soyuz 2 1A,Baikonur,*Globalstar2ndGen3,LEO,"Globalstar, Inc.",Thales Alenia Space,Communications,,S,S,
10/19/2010,Soyuz 2 1A,Baikonur,*Globalstar2ndGen4,LEO,"Globalstar, Inc.",Thales Alenia Space,Communications,,S,S,
10/19/2010,Soyuz 2 1A,Baikonur,*Globalstar2ndGen5,LEO,"Globalstar, Inc.",Thales Alenia Space,Communications,,S,S,
10/19/2010,Soyuz 2 1A,Baikonur,*Globalstar2ndGen6,LEO,"Globalstar, Inc.",Thales Alenia Space,Communications,,S,S,
10/27/2010,Soyuz,Baikonur,Progress ISS 40P,LEO,Roscosmos,RSC Energia,ISS,,S,S,
10/28/2010,Ariane 5 ECA,Kourou,* BSAT 3B,GEO,Broadcasting SatelliteSystem Corp.,Lockheed Martin Corp.,Communications,,S,S,
10/28/2010,Ariane 5 ECA,Kourou,* Eutelsat W3B,GEO,Eutelsat,Thales Alenia Space,Communications,,S,F,
10/31/2010,Long March 3C,Xichang,Beidou 2-G4,GEO,CAST,CAST,Navigation,,S,S,
11/2/2010,Soyuz 2,Plesetsk,Meridian 3,ELI,Russian MoD,ISS Reshetnev,Communications,,S,S,
11/5/2010,Delta II 7420-10,VAFB,COSMO-SkyMed 4,LEO,Italian Space Agency (ASI),Thales Alenia Space,Remote Sensing,$95M,S,S,
11/5/2010,Long March 4B,Taiyuan,Fengyun 3B,SSO,China MeteorologicalAdministration,SBA,Meteorological,,S,S,
11/14/2010,Proton M,Baikonur,* SkyTerra-1,GEO,SkyTerra Communications,Boeing,Communications,$85M,S,S,
11/19/2010,Minotaur IV,Kodiak LaunchComplex,Space Test ProgramSatellite 26,LEO,USAF,Ball Aerospace,Development,,S,S,
11/21/2010,Delta IV Heavy,CCAFS,NRO L-32,LEO,NRO,USA,Classified,,S,S,
11/24/2010,Long March 3A,Xichang,Shen Tong 1-B,GEO,China MoD,CAST,Communications,,S,S,
11/26/2010,Ariane 5 ECA,Kourou,* Intelsat 17,GEO,Intelsat Orbital Sciences Corp.,,Communications,$220 ,S,S,
11/26/2010,Ariane 5 ECA,Kourou,* HYLAS,GEO,Avanti Screenmedia Group EADS Astrium,,Communications,,S,S,
12/5/2010,Proton M,Baikonur,Glonass M39,MEO,Russian MoD,ISS Reshetnev,Navigation,,F,F,
12/5/2010,Proton M,Baikonur,Glonass M40,MEO,Russian MoD,ISS Reshetnev,Navigation,,F,F,
12/5/2010,Proton M,Baikonur,Glonass M41,MEO,Russian MoD,ISS Reshetnev,Navigation,,F,F,
12/8/2010,Falcon 9,CCAFS,* Dragon COTS Demo 1,LEO,SpaceX,SpaceX,Development,$56M,S,S,
12/8/2010,Falcon 9,CCAFS,SMDC ONE,LEO,U.S. Army,U.S. Army,Classified,,S,S,
12/8/2010,Falcon 9,CCAFS,QbX-1,LEO,NRO,NRO,Classified,,S,S,
12/8/2010,Falcon 9,CCAFS,QbX-2,LEO,NRO,NRO,Classified,,S,S,
12/8/2010,Falcon 9,CCAFS,Perseus 000,LEO,Los Alamos National Lab.,Los Alamos National,Classified,,S,S,
12/8/2010,Falcon 9,CCAFS,Perseus 001,LEO,Los Alamos National Lab.,Los Alamos National,Classified,,S,S,
12/8/2010,Falcon 9,CCAFS,Perseus 002,LEO,Los Alamos National Lab.,Los Alamos National,Classified,,S,S,
12/8/2010,Falcon 9,CCAFS,Perseus 003,LEO,Los Alamos National Lab.,Los Alamos National,Classified,,S,S,
12/8/2010,Falcon 9,CCAFS,* Mayflower & CAERUS,LEO,Northrup Grumman,Northrup Grumman,Development/Communications,,S,S,
12/15/2010,Soyuz,Baikonur,Soyuz ISS 25S,LEO,Roscosmos,RSC Energia,ISS,,S,S,
12/16/2010,Long March 3A,Xichang,Beidou 2C/M1,MEO,China,CAST,Navigation,,S,S,
12/25/2010,GSLV,Satish DhawanSpace Center,* Insat 4D,GEO,ISRO,ISRO,Communications,,S,S,
12/26/2010,Proton M,Baikonur,* KA-SAT,GEO,Eutelsat,EADS Astrium,Communications,$85M,S,S,
12/29/2010,Ariane 5 ECA,Kourou,"* KoreaSat 6
* Hispasat 1E","GEO
GEO","Korea Telecom
Hispasat","Thales Alenia Space
Space Systems/Loral","Communications
Communications",$220M,S,S,
1/20/2011,Delta IV Heavy,VAFB,NRO L-49,SSO,NRO,Lockheed Martin,Classified,,S,S,
1/20/2011,Zenit 3F,Baikonur,Electro-L 1,GEO,Roshydromet,NPO Lavotchkin,Meteorological,,S,S,
1/22/2011,H IIB,Tanegashima,Kounotori (HTV 2),LEO,JAXA,Mitsubishi Heavy Industries,ISS Cargo,,S,S,
1/28/2011,Soyuz,Baikonur,Progress M-09M,LEO,Roscosmos,RSC Energia,ISS Cargo,,S,S,
2/1/2011,Rockot,Plesetsk,GEO IK-2 No. II,LEO,Russian Space Forces,Reshetnev Company,Navigation,,F,F,
2/6/2011,Minotaur 1,VAFB,RPP (NRO L-66),SSO,NRO,Classified,Classified,,S,S,
2/16/2011,Ariane 5 ES-ATV,Kourou,ATV 2,LEO,ESA,EADS Astrium,ISS Cargo,,S,S,
2/24/2011,Shuttle Discovery,KSC,"STS 133 (ELC-4, PMM)",LEO,NASA,Rockwell International,Crewed,,S,S,
2/26/2011,Soyuz 2,Plesetsk,Glonass K1-1,MEO,Russian Space Forces,Reshetnev Company,Navigation,,S,S,
3/4/2011,Taurus XL,VAFB,Glory,SSO,NASA,Orbital Sciences Corp.,Scientific,,F,F,
3/4/2011,Taurus XL,VAFB,Kysat 1,SSO,Kentucky Space ,Kentucky Space,Test,,F,F,
3/4/2011,Taurus XL,VAFB,Hermes,SSO,Colorado Space Grant Con.,Colorado Space Grant Con.,Communications,,F,F,
3/4/2011,Taurus XL,VAFB,Explorer 1 (Prime),ELI,Montana Space Grant Con. ,Montana Space Grant Con.,Scientific,,F,F,
3/5/2011,Atlas V 501,CCAFS,X-37B OTV 2,LEO,USAF,Boeing,Classified,,S,S,
3/11/2011,"Delta IVMedium+ (4, 2)",CCAFS,NRO L-27,GEO,NRO,Classified,Communications,,S,S,
4/4/2011,Soyuz,Baikonur,Soyuz TMA-21,LEO,Roscosmos,RSC Energia,Crewed,,S,S,
4/10/2011,Long March 3A,Xichang,Beidou 2-IGS 3,GEO,People's Liberation Army,CAST,Navigation,,S,S,
4/14/2011,Atlas V 401,VAFB,NRO L-34,LEO,NRO,Classified,Classified,,S,S,
4/20/2011,PSLV,Satish Dhawan,Resourcesat 2,SSO,ISRO,ISRO,Remote Sensing,,S,S,
4/20/2011,PSLV,Satish Dhawan,Youthsat,SSO,Bauman Moscow StateTechnical University,ISRO,Scientific,,S,S,
4/20/2011,PSLV,Satish Dhawan,X-Sat,SSO,Centre for Research inSatellite Technologies,Centre for Research inSatellite Technologies,Remote Sensing,,S,S,
4/22/2011,Ariane 5 ECA,Kourou,* Yahsat 1A,GEO,Yah Satellite Communications Company,EADS Astrium,Communications,$220M,S,S,
4/22/2011,Ariane 5 ECA,Kourou,* Intelsat New Dawn,GEO,Intelsat,Orbital Sciences Corp.,Communications,,S,S,
4/27/2011,Soyuz,Baikonur,Progress M-10M,LEO,Roscosmos,RSC Energia,ISS Cargo,,S,S,
5/4/2011,Soyuz 2,Baikonur,Meridian 4,ELI,Russian Space Forces,Reshetnev Company,Communications,,S,S,
5/7/2011,Atlas V 401,CCAFS,SBIRS GEO 1,GEO,USAF,Lockheed Martin,Early Warning,,S,S,
5/16/2011,Shuttle Endeavour KSC,,"STS 134 (AMS, ELC-3)",LEO,NASA,Rockwell International,Crewed,,S,S,
5/20/2011,Proton M,Baikonur,* Telstar 14R,GEO,Telesat,Space Systems/Loral,Communications,$85M,S,S,
5/20/2011,Ariane 5 ECA,Kourou,* Insat 4G/GSAT-8,GEO,ISRO,ISRO,Communications,$220M,S,S,
5/20/2011,Ariane 5 ECA,Kourou,* ST 2,GEO,Telecom/Chunghwa,Mitsubishi Electronic Corp.,Communications,,S,S,
6/7/2011,Soyuz,Baikonur,Soyuz TMA-02M,LEO,Roscosmos,RSC Energia,ISS Cargo,,S,S,
6/10/2011,Delta II 7320,VAFB,SAC-D/Aquarius,SSO,NASA/CONAE,INVAP,Remote Sensing,,S,S,
6/15/2011,Safir 2,Semnan Province,Rasad,LEO,Iranian AerospaceOrganization,Iranian Space Agency,Remote Sensing,,S,S,
6/20/2011,Long March 3B,Xichang,* Chinasat 10,GEO,"China Direct BroadcastingSatellite Co., Ltd.",CAST,Communications,,S,S,
6/21/2011,Soyuz,Baikonur,Progress M-11M,LEO,Roscosmos,RSC Energia,ISS Cargo,,S,S,
6/27/2011,Soyuz U,Plesetsk,Cosmos 2472,LEO,Russian Space Forces,RSC Energia,Classified,,S,S,
6/29/2011,Minotaur 1,Wallops FF,ORS 1,LEO,USAF,Goodrich ISR Systems,Classified,,S,S,
7/6/2011,Long March 2C,Jiuquan,Shijian 11-03,SSO,CAST,Dongfanghong Satellite Co.,Scientific,,S,S,
7/8/2011,Shuttle Atlantis,KSC,"STS 135 (MPLM, LMC)",LEO,NASA,Rockwell International,Crewed,,S,S,
7/11/2011,Long March 3C,Xichang,Tianlian 1B,GEO,CAST,CAST,Communications,,S,S,
7/13/2011,Soyuz 2,Baikonur,*Globalstar2ndGen7,LEO,"Globalstar, Inc.",Thales AleniaSpace,Communications,$50M,S,S,
7/13/2011,Soyuz 2,Baikonur,*Globalstar2ndGen8,LEO,"Globalstar, Inc.",Thales AleniaSpace,Communications,,S,S,
7/13/2011,Soyuz 2,Baikonur,*Globalstar2ndGen9,LEO,"Globalstar, Inc.",Thales AleniaSpace,Communications,,S,S,
7/13/2011,Soyuz 2,Baikonur,*Globalstar2ndGen10,LEO,"Globalstar, Inc.",Thales AleniaSpace,Communications,,S,S,
7/13/2011,Soyuz 2,Baikonur,*Globalstar2ndGen11,LEO,"Globalstar, Inc.",Thales AleniaSpace,Communications,,S,S,
7/13/2011,Soyuz 2,Baikonur,*Globalstar2ndGen12,LEO,"Globalstar, Inc.",Thales AleniaSpace,Communications,,S,S,
7/15/2011,Proton M,Baikonur,* SES-3,GEO,SES World Skies,Orbital Sciences Corp.,Communications,$85M,S,S,
7/15/2011,Proton M,Baikonur,KazSat 2,GEO,JSC Kazsat,Khrunichev State Research& Production Space Center,Communications,,S,S,
7/15/2011,PSLV,Satish Dhawan,GSAT 12,GEO,ISRO,ISRO,Communications,,S,S,
7/16/2011,"Delta IVMedium+ (4, 2)",CCAFS,Navstar GPS 2F-02,MEO,USAF,Boeing,Navigation,,S,S,
7/18/2011,Zenit 3F,Baikonur,Spektr R,ELI,Russian Academy ofSciences,NPO Lavotchkin,Scientific,,S,S,
7/26/2011,Long March 3A,Xichang,Beidou 2-IGS 4,GEO,People's Liberation Army,CAST,Navigation,,S,S,
7/29/2011,Long March 2C,Jiuquan,Shijian 11-02,SSO,CAST,Dongfanghong Satellite Co.,Scientific,,S,S,
8/5/2011,Atlas V 551,CCAFS,Juno,EXT,NASA/JPL,Lockheed Martin,Scientific,,S,S,
8/6/2011,Ariane 5 ECA,Kourou,* Astra 1N,GEO,SES Astra,EADS Astrium,Communications,$220M,S,S,
8/6/2011,Ariane 5 ECA,Kourou,* BSAT-3c/JCSAT-110R,GEO,Sky Perfect JCSAT Corp.,Lockheed Martin,Communications,,S,S,
8/11/2011,Long March 3B,Xichang,* Paksat 1R,GEO,SUPARCO,China Great Wall IndustryCorp.,Communications,,S,S,
8/15/2011,Long March 4B,Taiyuan,Hai Yang 2A,SSO,China State OceanicAdministration,Shanghai Institute ofSatellite Engineering,Remote Sensing,,S,S,
8/17/2011,Dnepr M,Dombarovskiy,Sich 2,SSO,National Space Agency of,NPO Lavotchkin,Remote Sensing,$12M,S,S,
8/17/2011,Dnepr M,Dombarovskiy,NX,SSO,NASRDA,Surrey Satellite Tech. Ltd.,Remote Sensing,,S,S,
8/17/2011,Dnepr M,Dombarovskiy,Nigeriasat 2,SSO,NASRDA,Surrey Satellite Tech. Ltd.,Remote Sensing,,S,S,
8/17/2011,Dnepr M,Dombarovskiy,Edusat,SSO,Italian Space Agency,University of Rome,Scientific,,S,S,
8/17/2011,Dnepr M,Dombarovskiy,RASAT,SSO,TUBITAK-UZAY,TUBITAK-UZAY,Scientific,,S,S,
8/17/2011,Dnepr M,Dombarovskiy,BPA 2,SSO,Yuzhnoye,Hartron-Arkos,Development,,S,S,
8/17/2011,Dnepr M,Dombarovskiy,* Aprizesat 5,LEO,"SpaceQuest, Ltd.","SpaceQuest, Ltd.",Communications,,S,S,
8/17/2011,Dnepr M,Dombarovskiy,* Aprizesat 6,LEO,"SpaceQuest, Ltd.","SpaceQuest., Ltd.",Communications,,S,S,
8/17/2011,Proton M,Baikonur,* Express AM4,GEO,Russian SatelliteCommunications Co.,Reshetnev Company,Communications,$85M,F,F,
8/18/2011,Long March 2C,Jiuquan,Shijian 11-04,SSO,CAST,Dongfanghong Satellite Co.,Scientific,,F,F,
8/24/2011,Soyuz,Baikonur,Progress M-12M,LEO,Roscosmos,RSC Energia,ISS Cargo,,F,F,
9/10/2011,Delta II 7920H,CCAFS,GRAIL A,EXT,NASA/JPL,Lockheed Martin,Scientific,,S,S,
9/10/2011,Delta II 7920H,CCAFS,GRAIL B,EXT,NASA/JPL,Lockheed Martin,Scientific,,S,S,
9/18/2011,Long March 3B,Xichang,Chinasat 1A,GEO,People's Liberation Army,CAST,Communications,,S,S,
9/20/2011,Proton M,Baikonur,Cosmos 2473,GEO,Tass-Louch Telecom,Reshetnev Company,Communications,,S,S,
9/21/2011,Ariane 5 ECA,Kourou,* Arabsat 5C,GEO,Arabsat,EADS Astrium,Communications,$220M,S,S,
9/21/2011,Ariane 5 ECA,Kourou,* SES 2,GEO,SES World Skies,Orbital Sciences Corp.,Communications,,S,S,
9/23/2011,H IIA,Tanegashima,IGS-4C (Optical),SSO,Japan Defense Agency,Mitsubishi Electronic Corp.,Classified,,S,S,
9/24/2011,Zenit 3SL,Sea LaunchPlatform,* Atlantic Bird 7,GEO,Eutelsat,EADS Astrium,Communications,$100M,S,S,
9/27/2011,Minotaur IV,Kodiak LC,TacSat-4,HEO,USAF,NRL/APL,Development,,S,S,
9/29/2011,Long March 2F,Jiuquan,Tiangong 1,LEO,China Aerospace Corp.,CAST,Development,,S,S,
9/29/2011,Proton M,Baikonur,* QuetzSat-1,GEO,QuetzSat,Space Systems/Loral,Communications,$85M,S,S,
10/2/2011,Soyuz 2,Plesetsk,Glonass M42,MEO,Russian Space Forces,Reshetnev Company,Navigation,,S,S,
10/6/2011,Zenit 3SLB,Baikonur,* Intelsat 18,GEO,Intelsat,Orbital Sciences Corp.,Communications,$100M,S,S,
10/7/2011,Long March 3B,Xichang,* Eutelsat W3C,GEO,Eutelsat,Thales Alenia Space,Communications,$70M,S,S,
10/12/2011,PSLV,Satish Dhawan,Megha Tropiques,LEO,CNES,ISRO,Scientific,,S,S,
10/12/2011,PSLV,Satish Dhawan,Jugnu,LEO,IIT Kapur,IIT Kapur,Remote Sensing,,S,S,
10/12/2011,PSLV,Satish Dhawan,SRMSAT,SSO,SRM University,SRM University,Scientific,,S,S,
10/12/2011,PSLV,Satish Dhawan,Vesselsat 1,LEO,LuxSpace Sarl,LuxSpace Sarl,Communications,,S,S,
10/19/2011,Proton M,Baikonur,* ViaSat 1,GEO,ViaSat,Space Systems/Loral,Communications,$85M,S,S,
10/21/2011,Soyuz 2,Kourou,Galileo 1,MEO,European Space Agency,OHB System,Navigation,,S,S,
10/21/2011,Soyuz 2,Kourou,Galileo 2,MEO,European Space Agency,OHB Systems,Navigation,,S,S,
10/28/2011,Delta II 7920,VAFB,NPP,SSO,NASA/NOAA,Ball Aerospace,Meteorological,,S,S,
10/28/2011,Delta II 7920,VAFB,RAX 2,LEO,University of Michigan,University of Michigan,Scientific,,S,S,
10/28/2011,Delta II 7920,VAFB,M-Cubed,LEO,University of Michigan,University of Michigan,Remote Sensing,,S,S,
10/28/2011,Delta II 7920,VAFB,AS-1,LEO,Auburn University,Auburn University,Scientific,,S,S,
10/28/2011,Delta II 7920,VAFB,Explorer-1 (PRIME),LEO,Montana State University,Montana State University,Scientific,,S,S,
10/28/2011,Delta II 7920,VAFB,Unit 2,LEO,Montana State University,Montana State University,Scientific,,S,S,
10/28/2011,Delta II 7920,VAFB,DICE 1,LEO,Utah State University,Utah State University,Scientific,,S,S,
10/28/2011,Delta II 7920,VAFB,DICE 2,LEO,Utah State University,Utah State University,Scientific,,S,S,
10/30/2011,Soyuz,Baikonur,Progress M-13M,LEO,Roscosmos,RSC Energia,ISS Cargo,,S,S,
10/31/2011,Long March 2F,Jiuquan,Shenzhou 8,LEO,China Aerospace Corp.,CAST,Development,,S,S,
11/4/2011,Proton M,Baikonur,Glonass M43,MEO,Russian Space Forces,Reshetnev Company,Navigation,,S,S,
11/4/2011,Proton M,Baikonur,Glonass M44,MEO,Russian Space Forces,Reshetnev Company,Navigation,,S,S,
11/4/2011,Proton M,Baikonur,Glonass M45,MEO,Russian Space Forces,Reshetnev Company,Navigation,,S,S,
11/8/2011,Zenit 2M,Baikonur,Phobos-Grunt,EXT,Roscosmos,NPO Lavotchkin,Scientific,,S,F,
11/8/2011,Zenit 2M,Baikonur,Yinghuo,EXT,China National SpaceAcademy,Shanghai Institute ofSatellite Engineering,Scientific,,S,F,
11/9/2011,Long March 4B,Xichang,Yaogan 12,SSO,People's Liberation Army ,Shanghai Academy of Space Remote SensingTechnology,,,S,S,
11/9/2011,Long March 4B,Xichang,Tianxun 1,SSO,Nanjing University of Remote Sensing Aeronautics  & Astronautics,Nanjing University of Remote Sensing Aeronautics  & Astronautics,,,S,S,
11/14/2011,Soyuz,Baikonur,Soyuz TMA-22,LEO,Roscosmos,RSC Energia,Crewed,,S,S,
11/20/2011,Long March 2D,Jiuquan,Chuang Xing 1-03,SSO,Shanghai Academy of China Academy of ScienceSpace Technology,,Communications,,S,S,
11/20/2011,Long March 2D,Jiuquan,Shiyan Wexing 4,SSO,Dongfanghong Satellite Co. Harbin Institute ofTechnology,,Scientific,,S,S,
11/25/2011,Proton M,Baikonur,* Asiasat 7,GEO,Asiasat,Space Systems/Loral,Communications,$85M,S,S,
11/26/2011,Atlas V 541,CCAFS,Mars ScienceLaboratory,EXT,NASA,NASA/JPL,Scientific,,S,S,
11/28/2011,Soyuz 2,Plesetsk,Glonass M46,MEO,Russian Space Forces,Reshetnev Company,Navigation,,S,S,
11/29/2011,Long March 2D,Jiuquan,Yaogan 13,SSO,People's Liberation Army,Shanghai Academy of Space ClassifiedTechnology,,,S,S,
12/1/2011,Long March 3A,Xichang,Beidou 2-IGS 5,GEO,People's Liberation Army,CAST,Navigation,,S,S,
12/11/2011,Proton M,Baikonur,Luch 5A,GEO,Roscosmos,Reshetnev Company,Communications,$85M,S,S,
12/11/2011,Proton M,Baikonur,* Amos 5,GEO,SpaceCom Ltd.,Reshetnev Company,Communications,,S,S,
12/12/2011,H IIA,Tanegashima,IGS-4B (Radar),SSO,Japan Defense Agency,Mitsubishi Electronic Corp.,Classified,,S,S,
12/16/2011,Soyuz 2,Kourou,Pleiades HR 1,LEO,CNES,EADS Astrium,Remote Sensing,,S,S,
12/16/2011,Soyuz 2,Kourou,ELISA 1,LEO,French MoD,EADS Astrium,Classified,,S,S,
12/16/2011,Soyuz 2,Kourou,ELISA 2,LEO,French MoD,EADS Astrium,Classified,,S,S,
12/16/2011,Soyuz 2,Kourou,ELISA 3,LEO,French MoD,EADS Astrium,Classified,,S,S,
12/16/2011,Soyuz 2,Kourou,ELISA 4,LEO,French MoD,EADS Astrium,Classified,,S,S,
12/16/2011,Soyuz 2,Kourou,SSOT,SSO,Government of Chile,EADS Astrium,Remote Sensing,,S,S,
12/19/2011,Long March 3B,Xichang,* Nigcomsat 1R,GEO,Nigerian CommunicationSatellite Ltd.,CAST,Communications,$70M,S,S,
12/21/2011,Soyuz,Baikonur,Soyuz TMA-03M,LEO,Roscosmos,RSC Energia,Crewed,,S,S,
12/22/2011,Long March 4B,Xichang,Ziyuan 1-2C,SSO,China State Bureau ofSurveying and Mapping,CAST,Remote Sensing,,S,S,
12/23/2011,Soyuz 2,Plesetsk,Meridian 5,ELI,Russian Space Forces,Reshetnev Company,Communications,,F,F,
12/28/2011,Soyuz 2,Baikonur,*Globalstar 2nd Gen13,LEO,"Globalstar, Inc.",Thales AleniaSpace,Communications,$50M,S,S,
12/28/2011,Soyuz 2,Baikonur,*Globalstar 2nd Gen14,LEO,"Globalstar, Inc.",Thales AleniaSpace,Communications,,S,S,
12/28/2011,Soyuz 2,Baikonur,*Globalstar 2nd Gen15,LEO,"Globalstar, Inc.",Thales AleniaSpace,Communications,,S,S,
12/28/2011,Soyuz 2,Baikonur,*Globalstar 2nd Gen16,LEO,"Globalstar, Inc.",Thales AleniaSpace,Communications,,S,S,
12/28/2011,Soyuz 2,Baikonur,*Globalstar 2nd Gen17,LEO,"Globalstar, Inc.",Thales AleniaSpace,Communications,,S,S,
12/28/2011,Soyuz 2,Baikonur,*Globalstar 2nd Gen18,LEO,"Globalstar, Inc.",Thales AleniaSpace,Communications,,S,S,
1/9/2012,CZ-4B," Taiyuan, China ",Ziyuan 3,SSO,China State Bureau of Surveying & Mapping,CAST,Remote Sensing,,S,S,
1/13/2012,CZ-3A," Xi Chang, China ",Fengyun 2-07(F),GEO,China State Meteorological Administration,Shanghai Institute of Satellite Engineering,Meteorological,,S,S,
1/20/2012,"Delta 4M+5,4"," Cape Canaveral, FL, USA  ",WGS 4,GEO,U.S. Air Force,Boeing,Communications,,S,S,
1/25/2012,Soyuz U," Tyuratam/Baikonur, Kazakstahn",Progress M-14M,LEO,Roscosmos,RSC Energia,ISS,,S,S,
2/3/2012,Safir," Semnan, Iran in Dasht-e-Kavir Desert",Navid-e Elm-o Sanat,LEO,Government of Iran,Sharif Univ ersity of Technology,Remote Sensing,,S,S,
2/13/2012,Vega," Kourou, French Guyana",LARES/ALMAsat,LEO,Italian Space Agency,CGS S.p.A,Scientific,,S,S,
2/14/2012,Proton M/Briz M," Tyuratam/Baikonur, Kazakstahn",SES 4,GEO,SES World Skies,Space Systems/Loral,Communications,$85M,S,S,
2/24/2012,CZ-3C," Xi Chang, China ",Beidou 11 (2G5),GEO,U.S. Navy,Lockheed Martin Corp,Communications,,S,S,
2/24/2012,Atlas 5-551," Cape Canaveral, FL, USA  ",MUOS 1,GEO,People's Liberation Army,Dongfanghong Satellite Co,Navigation,,S,S,
3/23/2012,Ariane 5 ES," Kourou, French Guyana",VA205/ATV-3,LEO,European Space Agency,European Space Agency,ISS,,S,S,
3/25/2012,Proton M/Briz M," Tyuratam/Baikonur, Kazakstahn",Intelsat 22,GEO,Intelsat,Boeing Satellite Systems,Communications,$85M,S,S,
3/30/2012,Proton K/DM-2," Tyuratam/Baikonur, Kazakstahn",Kosmos 2479,GEO,Russian Space Forces,NPO Lavotchkin,Early Warning,,S,S,
3/31/2012,CZ-3B/E," Xi Chang, China ",Apstar 7,GEO,"APT Satellite Co., Ltd",Thales Alenia Space,Communications,$70M,S,S,
4/3/2012,"Delta 4M+5,2"," Vandenberg AFB, CA, USA",NROL-25,SSO,NRO,Classified,Classified,,S,S,
4/12/2012,Unha (Unha 3)," Sohae Satellite Launching Center, Tongchang-ri, North Korea",Kwangmyongsong 3,LEO,Democratic People's Republic of Korea,Institute for Electronic War,Remote Sensing,,F,F,
4/20/2012,Soyuz U," Tyuratam/Baikonur, Kazakstahn",Progress M-15M,LEO,Roscosmos,RSC Energia,ISS,,S,S,
4/23/2012,Proton M/Briz M," Tyuratam/Baikonur, Kazakstahn",Yahsat 1B,GEO,Yah Satellite Communications Co.,EADS Astrium,Communications,$85M,S,S,
4/26/2012,PSLV-XL," Satish Dhawan Space Center, Sriharikota, India",Risat 1,SSO,ISRO,ISRO,Remote Sensing,,S,S,
4/30/2012,CZ-3B," Xi Chang, China ",Compass M3/M4,MEO,People's Liberation Army,CAST,Navigation,,S,S,
5/4/2012,Atlas 5-531," Cape Canaveral, FL, USA  ",AEHF 2,GEO,U.S. Department of Defence,Lockheed Martin Corp,Communications,,S,S,
5/6/2012,CZ-2D," Ji Quan, China ",Tianhui I-02,SSO,China National Space Administration,Dongfanghong Satellite Co,Remote Sensing,,S,S,
5/10/2012,CZ-4B," Taiyuan, China ",Yaogan 14/Tiantuo 1,SSO,People's Liberation Army,Shanghai Academy of Space Technology,Remote Sensing,,S,S,
5/15/2012,Soyuz FG," Tyuratam/Baikonur, Kazakstahn",Soyuz TMA-04M,LEO,Sky Perfect JSAT Group,Lockheed Martin Corp,Communications,$220M,S,S,
5/15/2012,Ariane 5 ECA," Kourou, French Guyana",VA206/JCSAT13/VINASAT2,GEO,Roscosmos,RSC Energia,Crewed,,S,S,
5/17/2012,Soyuz U," Plesetsk Northern Cosmodrome, Russia",Kobalt M,LEO,Russian Space Forces,RSC Energia,Intelligence,,S,S,
5/17/2012,H-2A-202," Tanageshima, Japan ",GCOM W1/Kompsat 3,SSO,JAXA,NEC Corp.,Scientific,,S,S,
5/17/2012,Proton M/Briz M," Tyuratam/Baikonur, Kazakstahn",Nimiq 6,GEO,Telesat Canada,Space Systems/Loral,Communications,$85M,S,S,
5/22/2012,Falcon 9," Cape Canaveral, FL, USA  ",Dragon C2+,LEO,SpaceX,SpaceX,Development,$54M,S,S,
5/23/2012,Safir," Semnan, Iran in Dasht-e-Kavir Desert",Fajr,LEO,Iranian Ministry of Defence,Iranian Ministry of Defence,Development,,F,F,
5/26/2012,CZ-3B/E," Xi Chang, China ",Xhongxing 2A,GEO,People's Liberation Army,CAST,Communications,,S,S,
5/29/2012,CZ-4C," Taiyuan, China ",Yaogan 15,SSO,People's Liberation Army,Shanghai Academy of Space Technology,Remote Sensing,,S,S,
6/1/2012,Zenit 3SL/DMSL, Pacific Ocean Range 154W-0N ,Intelsat 19,GEO,Intelsat,Space Systems/Loral,Communications,$100M,S,S,
6/13/2012,Pegasus XL," Kwajalein, Marshall Is.",NuStar,LEO,NASA/JPL,Orbital Sciences Corp.,Scientific,,S,S,
6/16/2012,CZ-2F/G," Ji Quan, China ",Shenzhou 9,LEO,China Aerospace Corp.,CAST,Crewed,,S,S,
6/20/2012,Atlas 5," Cape Canaveral, FL, USA  ",NRO-L38,GEO,NRO,Boeing,Communications,,S,S,
6/29/2012,Delta 4H," Cape Canaveral, FL, USA  ",NRO-L15,GEO,NRO,Unknown,Intelligence,,S,S,
7/6/2012,Ariane 5 ECA," Kourou, French Guyana",VA207/Echostar 17/MSG,GEO,Hughes Network Systems,Space Systems/Loral,Communications,$220M,S,S,
7/9/2012,Proton M/Briz M," Tyuratam/Baikonur, Kazakstahn",SES 5,GEO,SES World Skies,Space Systems/Loral,Communications,$85M,S,S,
7/15/2012,Soyuz FG," Tyuratam/Baikonur, Kazakstahn",Soyuz TMA-05M,LEO,Roscosmos,RSC Energia,Crewed,,S,S,
7/21/2012,H-2B," Tanageshima, Japan ",HTV-3(Kounotori),LEO,JAXA,Mitsubishi Heavy Industries Ltd.,ISS,,S,S,
7/22/2012,Soyuz FG/Fregat," Tyuratam/Baikonur, Kazakstahn",Konopus-B/MKA-FKI/+3sa,SSO,Roscosmos,VNIIEM,Remote Sensing,,S,S,
7/25/2012,CZ-3C," Xi Chang, China ",Tianlian-1 (3),GEO,CAST,CAST,Communications,,S,S,
7/28/2012,Rokot/Briz KM," Plesetsk Northern Cosmodrome, Russia",Kosmos 2481/2xGonets M,LEO,Russian Space Forces,Reshetnev Co.,Communications,,S,S,
8/1/2012,Soyuz U," Tyuratam/Baikonur, Kazakstahn",Progress M-16M,LEO,Roscosmos,RSC Energia,ISS,,S,S,
8/2/2012,Ariane 5 ECA," Kourou, French Guyana",Intelsat 20/Hylas 2,GEO,Avanti Screenmedia Group,Orbital Sciences Corp.,Communications,$220M,S,S,
8/6/2012,Proton M/Briz M," Tyuratam/Baikonur, Kazakstahn",Telkom 3/Express MD2,GEO,Telkom Indonesia,Reshetnev Co.,Communications,$85M,F,F,
8/19/2012,Zenit 3SL/DMSL, Pacific Ocean Range 154W-0N ,Intelsat 21,GEO,Intelsat,Boeing Satellite Systems,Communications,$85M,S,S,
8/30/2012,Atlas 5-401," Cape Canaveral, FL, USA  ",RBSP-A/B (2sats),ELI,NASA,APL,Scientific,,S,S,
9/9/2012,PSLV-CA," Satish Dhawan Space Center, Sriharikota, India",SPOT 6/Proiteres,SSO,SPOT Image,EADS Astrium,Remote Sensing,,S,S,
9/13/2012,Atlas 5-401," Vandenberg AFB, CA, USA",NROL-36,LEO,NRO,Lockheed Martin Corp,Intelligence,,S,S,
9/17/2012,Soyuz 2-1a/Fregat," Tyuratam/Baikonur, Kazakstahn",Metop B,SSO,Eumetsat,EADS Astrium,Meteorological,,S,S,
9/18/2012,CZ-3B/E," Xi Chang, China ",Beidou M5/M6,MEO,People's Liberation Army,CAST,Navigation,,S,S,
9/22/2012,Safir," Semnan, Iran in Dasht-e-Kavir Desert",Fajr,LEO,Iran,Iran,Unknown,,F,F,
9/28/2012,Ariane 5 ECA," Kourou, French Guyana",VA209 Astra 2F/GSat 10,GEO,SES Astra,EADS Astrium,Communications,$220M,S,S,
9/29/2012,CZ-2D," Ji Quan, China ",VRSS 1,SSO,Venezuelan Ministry of Science and Technology,China Great Wall Industry Corp.,Remote Sensing,,S,S,
10/4/2012,"Delta 4M+4,2"," Cape Canaveral, FL, USA  ",GPS 2F-3,MEO,U.S. Air Force,Boeing,Navigation,,S,S,
10/8/2012,Falcon 9," Cape Canaveral, FL, USA  ",Dragon CRS-1,LEO,SpaceX,SpaceX,ISS,$54M,S,S,
10/12/2012,Soyuz 2-1b/Fregat," Kourou, French Guyana","IOV-2/Galileo FM3,4",MEO,European Space Agency,EADS Astrium,Navigation,,S,S,
10/14/2012,CZ-2C," Taiyuan, China ",Shijian 9 (2sats),SSO,Intelsat,Orbital Sciences Corp.,Communications,$85M,S,S,
10/14/2012,Proton M/Briz M," Tyuratam/Baikonur, Kazakstahn",Intelsat 23,GEO,People's Liberation Army,Shanghai Academy of Space Technology,Development,,S,S,
10/23/2012,Soyuz FG," Tyuratam/Baikonur, Kazakstahn",Soyuz TMA-06M,LEO,Roscosmos,RSC Energia,Crewed,,S,S,
10/25/2012,CZ-3C," Xi Chang, China ",Beidou G6,GEO,People's Liberation Army,Dongfanghong Satellite Co,Navigation,,S,S,
10/31/2012,Soyuz U," Tyuratam/Baikonur, Kazakstahn",Progress M-17M,LEO,Roscosmos,RSC Energia,ISS,,S,S,
11/2/2012,Proton M/Briz M," Tyuratam/Baikonur, Kazakstahn",Yamal 300K/Luch 5B,GEO,Roscosmos,RSC Energia,Communications,$85M,S,S,
11/10/2012,Ariane 5 ECA," Kourou, French Guyana",VA210 Eutlst21B/Star1-,GEO,Star One,Orbital Sciences Corp.,Communications,$220M,S,S,
11/14/2012,Soyuz 2-1a/Fregat," Plesetsk Northern Cosmodrome, Russia",Merdian 6,LEO,Russian Space Forces,Reshetnev Co.,Communications,,S,S,
11/18/2012,CZ-2C," Taiyuan, China ",Huanjing 1C,SSO,China National Space Administration,CAST,Remote Sensing,,S,S,
11/20/2012,Proton M/Briz M," Tyuratam/Baikonur, Kazakstahn",Echostar 16,GEO,Echostar Communications Corp.,Space Systems/Loral,Communications,$85M,S,S,
11/24/2012,CZ-4C," Ji Quan, China ",Yaogan 16,LEO,People's Liberation Army,CAST,Remote Sensing,,S,S,
11/27/2012,CZ-3B/E," Xi Chang, China ",Zhongxing 12,GEO,"APT Satellite Co., Ltd",Thales Alenia Space,Communications,,S,S,
12/2/2012,Soyuz 2-1a/Fregat," Kourou, French Guyana",Pleiades 1B,SSO,CNES,Astrium Satellite Ltd.,Remote Sensing,,S,S,
12/3/2012,Zenit 3SL/DMSL, Pacific Ocean Range 154W-0N ,Eutelsat 70B,GEO,Eutelsat,EADS Astrium,Communications,$100M,S,S,
12/8/2012,Proton M/Briz M," Tyuratam/Baikonur, Kazakstahn",Yamal 402,GEO,Gazprom Space Systems,Thales Alenia Space,Communications,$85M,S,S,
12/11/2012,Atlas 5-501," Cape Canaveral, FL, USA  ",OTV-3(X37B-1F2),LEO,U.S. Air Force,Boeing,Test,,S,S,
12/12/2012,Unha (Unha 3)," Sohae Satellite Launching Center, Tongchang-ri, North Korea",Kwangmyongsong 3F2,SSO,Democratic People's Republic of Korea,Institute for Electronic War,Remote Sensing,,S,S,
12/18/2012,CZ-2D," Ji Quan, China ",Gokturk 2,SSO,Turkish Military,TUBITAK-UZAY,Intelligence,$20M,S,S,
12/19/2012,Soyuz FG," Tyuratam/Baikonur, Kazakstahn",Soyuz TMA-07M,LEO,Roscosmos,RSC Energia,Crewed,,S,S,
12/19/2012,Ariane 5 ECA," Kourou, French Guyana",VA211 Skynet 5D/Mexsat,GEO,Government of Mexico,Boeing,Communications,$220M,S,S,
1/15/2013,Rockot ,Plesetsk,Cosmos 2482,LEO,Russian Space Forces (VKS),Reshetnev Company,Communications,,S,S,
1/15/2013,Rockot ,Plesetsk,Cosmos 2483,LEO,Russian Space Forces (VKS),Reshetnev Company,Communications,,S,S,
1/15/2013,Rockot ,Plesetsk,Cosmos 2484,LEO,Russian Space Forces (VKS),Reshetnev Company,Communications,,S,S,
1/27/2013,H-IIA 202 ,Tanegashima,IGS-4D (RADAR),SSO,Japan Defense Agency,Mitsubishi Electric Corp.,Intelligence,,S,S,
1/27/2013,H-IIA 202 ,Tanegashima,IGS-5 Optical Demonstration,SSO,Japan Defense Agency,Mitsubishi Electric Corp.,Intelligence,,S,S,
1/30/2013,Naro-1 ,Naro Space Center,STSAT-2C,LEO,KARI,Korean Advanced Institute of Science and Technology,Scientific,,S,S,
1/30/2013,Atlas V 401 ,CCAFS,TDRS K,GEO,NASA,The Boeing Company,Communications,,S,S,
2/1/2013,Zenit 3SL ,Pacific Ocean,*   Intelsat 27,GEO,Intelsat,Boeing Satellite Systems,Communications,$100M,F,F,
2/6/2013,Soyuz 2.1a ,Baikonur,* Globalstar 2nd Gen 19,LEO,"Globalstar, Inc.",Thales Alenia Space,Communications,$50M,S,S,
2/6/2013,Soyuz 2.1a ,Baikonur,* Globalstar 2nd Gen 20,LEO,"Globalstar, Inc.",Thales Alenia Space,Communications,,S,S,
2/6/2013,Soyuz 2.1a ,Baikonur,* Globalstar 2nd Gen 21,LEO,"Globalstar, Inc.",Thales Alenia Space,Communications,,S,S,
2/6/2013,Soyuz 2.1a ,Baikonur,* Globalstar 2nd Gen 22,LEO,"Globalstar, Inc.",Thales Alenia Space,Communications,,S,S,
2/6/2013,Soyuz 2.1a ,Baikonur,* Globalstar 2nd Gen 23,LEO,"Globalstar, Inc.",Thales Alenia Space,Communications,,S,S,
2/6/2013,Soyuz 2.1a ,Baikonur,* Globalstar 2nd Gen 24,LEO,"Globalstar, Inc.",Thales Alenia Space,Communications,,S,S,
2/7/2013,Ariane 5 ECA ,Kourou,*   Amazonas 3,GEO,Hispasat,Space Systems/Loral,Communications,$220M,S,S,
2/7/2013,Ariane 5 ECA ,Kourou,Azersat 1,GEO,Government of Azerbijan,Orbital Sciences Corp.,Communications,,S,S,
2/11/2013,Soyuz U2/ Progress,Baikonur ,Progress M-18M,LEO,Russian Federal Space Agency (Roscosmos),RKK Energia,ISS,,S,S,
2/11/2013,Atlas V 401 ,VAFB,Landsat DCM,SSO,NASA/U.S. Geological Survey,Orbital Sciences Corp.,Remote Sensing,,S,S,
2/25/2013,PSLV Standard Satish,Dhawan,Saral,SSO,ISRO,ISRO,Remote Sensing,,S,S,
3/1/2013,Falcon 9 v1.0 ,CCAFS Dragon,*   Dragon ISS 2D,LEO,Space Exploration Technologies,Space Exploration Technologies,ISS,$56.5M,S,S,
3/19/2013,Atlas V 401 ,CCAFS,SBIRS GEO 2,GEO,U.S. Air Force,Lockheed Martin Corp.,Early Warning,,S,S,
3/26/2013,Proton M/ Breeze-M,Baikonur ,*   SatMex 8,GEO,Satelites Mexicanos,Space Systems/Loral,Communications,$85M,S,S,
3/26/2013,Proton M/ Breeze-M,Baikonur ,*   SatMex 8,GEO,S.A. de C.V.,Space Systems/Loral,Communications,,S,S,
3/28/2013,Soyuz U2/Soyuz    ,Baikonur,Soyuz TMA-08M,LEO,Russian Federal Space Agency (Roscosmos),RKK Energia,Crewed,,S,S,
4/15/2013,Proton M/ Breeze-M,Baikonur ,*   Anik G1,GEO,Telesat,Space Systems/Loral,Communications,$85M,S,S,
4/19/2013,Soyuz 2.1a ,Baikonur,Bion M1,LEO,Russian Federal Space Agency (Roscosmos),TsSKB Progress,Scientific,,S,S,
4/21/2013,Antares 120 ,MARS,* Cygnus Mass Simulator,LEO,Orbital Sciences Corp.,Orbital Sciences Corp.,Test,$77.5M,S,S,
4/24/2013,Soyuz U2/ Progress,Baikonur,Progress M-19M,LEO,Russian Federal Space Agency (Roscosmos),RKK Energia,ISS,,S,S,
4/26/2013,Long March 2D,Jiuquan,GAOFEN 1,SSO,China Aerospace Science and Technology Corporation (CASC),China Aerospace Science and Technology Corporation (CASC),Remote Sensing,,S,S,
4/26/2013,Soyuz 2.1b,Plesetsk,Glonass M47,MEO,Russian Space Forces (VKS),Reshetnev Company,Navigation,,S,S,
5/1/2013,Long March 3B,Xichang,*   Chinasat 11 (Sinosat 7),GEO,"China Direct Broadcast Satellite Co., Ltd (CHINA DBSAT)",Aerospace Dongfanghong Satellite Company,Communications,,S,S,
5/6/2013,Vega,Kourou,Proba-V,SSO,European Space Agency,QINETIQ,Remote Sensing,,S,S,
5/6/2013,Vega,Kourou,VNREDSat 1A,SSO,Vietnam Acadamy of Science & Technology,EADS Astrium,Remote Sensing,,S,S,
5/6/2013,Vega,Kourou,ESTCube 1,SSO,Tartu University,Tartu University,Development,,S,S,
5/14/2013,Proton M/ Breeze-M,Baikonur,*   Eutelsat 3D,GEO,Eutelsat,Thales Alenia Space,Communications,$85M,S,S,
5/15/2013,Atlas V 401,CCAFS,Navstar GPS 2F-04,MEO,U.S. Air Force,The Boeing Company,Navigation,,S,S,
5/24/2013,"Delta IV Medium+ (5,4)",CCAFS,WGS 5,GEO,U.S. Air Force,Boeing Satellite Systems,Communications,,S,S,
5/28/2013,Soyuz U2/Soyuz,Baikonur,Soyuz TMA-09M,LEO,Russian Federal Space Agency (Roscosmos),RKK Energia,Crewed,,S,S,
6/3/2013,Proton M/ Breeze-M,Baikonur,*   SES 6,GEO,SES World Skies,EADS Astrium,Communications,$85M,S,S,
6/5/2013,Ariane 5 ES,Kourou,ATV 4,LEO,European Space Agency,EADS Astrium,ISS,,S,S,
6/7/2013,Soyuz 2.1b,Plesetsk,Cosmos Persona,SSO,Russian Space Forces (VKS),RKK Energia,Intelligence,,S,S,
6/11/2013,Long March 2F,Jiuquan,Shenzhou 10 Orbital Module,LEO,China Aerospace Science and Technology Corporation (CASC),China Academy of Space Technology (CAST),Development,,S,S,
6/11/2013,Long March 2F,Jiuquan,Shenzhou 10 Descent Module,LEO,China Aerospace Science and Technology Corporation (CASC),China Academy of Space Technology (CAST),Crewed,,S,S,
6/25/2013,Soyuz 2.1b,Kourou,*   O3b 01,MEO,O3b Networks,Thales Alenia Space,Communications,$50M,S,S,
6/25/2013,Soyuz 2.1b,Kourou,*   O3b 02,MEO,O3b Networks,Thales Alenia Space,Communications,,S,S,
6/25/2013,Soyuz 2.1b,Kourou,*   O3b 03,MEO,O3b Networks,Thales Alenia Space,Communications,,S,S,
6/25/2013,Soyuz 2.1b,Kourou,*   O3b 04,MEO,O3b Networks,Thales Alenia Space,Communications,,S,S,
6/25/2013,Soyuz 2.1b,Baikonur,Resurs P1,SSO,Russian Federal Space Agency (Roscosmos),Khrunichev State Research and Production Space Center,Remote Sensing,,S,S,
6/27/2013,Strela,Baikonur,Kondor E,LEO,NPO,NPO,Remote Sensing,,S,S,
6/27/2013,Strela,Baikonur,Kondor E,LEO,Machinostroyeniya,Machinostroyeniya,Remote Sensing,,S,S,
6/27/2013,Pegasus XL,VAFB,IRIS (USA),SSO,NASA,Lockheed Martin Corp.,Scientific,,S,S,
7/1/2013,PSLV XL,Satish Dhawan,IRNSS 1A,GEO,ISRO,ISRO,Navigation,,S,S,
7/2/2013,Proton M/Block DM,Baikonur,Glonass M46,MEO,Russian Space Forces (VKS),Reshetnev Company,Navigation,,F,F,
7/2/2013,Proton M/Block DM,Baikonur,Glonass M48,MEO,Russian Space Forces (VKS),Reshetnev Company,Navigation,,F,F,
7/2/2013,Proton M/Block DM,Baikonur,Glonass M49,MEO,Russian Space Forces (VKS),Reshetnev Company,Navigation,,F,F,
7/15/2013,Long March 2C,Jiuquan,Shi Jian 11-05,SSO,China Academy of Space Technology (CAST),Aerospace Dongfanghong Satellite Company,Scientific,,S,S,
7/19/2013,Long March 4C,Taiyuan,Chuang Xin-3,SSO,China - TBA,China - TBA,Communications,,S,S,
7/19/2013,Long March 4C,Taiyuan,Shiyan Weixing-7,SSO,China - TBA,China - TBA,Scientific,,S,S,
7/19/2013,Long March 4C,Taiyuan,Shi Jian-15,SSO,China - TBA,China - TBA,Scientific,,S,S,
7/19/2013,Atlas V 551,CCAFS,MUOS 2,GEO,US Navy,Lockheed Martin Commercial Space Systems,Communications,,S,S,
7/25/2013,Ariane 5 ECA,Kourou,*   Alphasat I-XL,GEO,Inmarsat,EADS Astrium,Communications,$220M,S,S,
7/25/2013,Ariane 5 ECA,Kourou,*   Insat 3D,GEO,ISRO,ISRO,Meteorological,,S,S,
7/27/2013,Soyuz U2/ Progress,Baikonur,Progress M-20M,LEO,Russian Federal Space Agency (Roscosmos),RKK Energia,ISS,,S,S,
8/3/2013,H-IIB,Tanegashima,HTV-4,LEO,JAXA,Mitsubishi Electric Corp.,ISS,,S,S,
8/7/2013,"Delta IV Medium+ (5,4)",CCAFS,WGS 6,GEO,U.S. Air Force,Boeing Satellite Systems,Communications,,S,S,
8/22/2013,Dnepr,Dombarovskiy,Kompsat 5,SSO,KARI,KARI,Remote Sensing,$12M,S,S,
8/28/2013,Delta IV Heavy,VAFB,NRO L-65,TBD,NRO,Classified,Classified,,S,S,
8/29/2013,Ariane 5 ECA,Kourou,*   Eutelsat 25B,GEO,Eutelsat,Space Systems/Loral,Communications,$220M,S,S,
8/29/2013,Ariane 5 ECA,Kourou,GSAT-7 (Insat 4F),GEO,Indian Ministry of Defense,ISRO,Communications,,S,S,
9/1/2013,Zenit 3SLB,Baikonur,*   Amos 4,GEO,SpaceCom Limited,Israel Aerospace Industries,Communications,$60M,S,S,
9/2/2013,Long March 4C,Jiuquan,Yaogan 17 Main,LEO,People's Liberation Army (PLA),China Academy of Space Technology (CAST),Remote Sensing,,S,S,
9/2/2013,Long March 4C,Jiuquan,Yaogan 17 Subsat 1,LEO,People's Liberation Army (PLA),China Academy of Space Technology (CAST),Remote Sensing,,S,S,
9/2/2013,Long March 4C,Jiuquan,Yaogan 17 Subsat 2,LEO,People's Liberation Army (PLA),China Academy of Space Technology (CAST),Remote Sensing,,S,S,
9/6/2013,Minotaur V,WFF,LADEE,EXT,NASA,NASA,Scientific,,S,S,
9/12/2013,Rockot,Plesetsk,Gonets M-05,LEO,Smolsat,Reshetnev Company,Communications,,S,S,
9/12/2013,Rockot,Plesetsk,Gonets M-06,LEO,Smolsat,Reshetnev Company,Communications,,S,S,
9/12/2013,Rockot,Plesetsk,Gonets M-07,LEO,Smolsat,Reshetnev Company,Communications,,S,S,
9/14/2013,Epsilon Standard,Uchinoura,SPRINT-A,LEO,JAXA,JAXA,Scientific,,S,S,
9/18/2013,Atlas V 531,CCAFS,Advanced EHF 3,GEO,DoD,Lockheed Martin Space Systems,Communications,,S,S,
9/18/2013,Antares 120,MARS,*   Cygnus COTS Demo,LEO,Orbital Sciences Corp.,Orbital Sciences Corp.,Test,$77.5M,S,S,
9/23/2013,Long March 4C,Taiyuan,Feng Yun 3C,SSO,China State Meteorological Administration,Shanghai Institute of Satellite Engineering,Meteorological,,S,S,
9/25/2013,Kuaizhou,Jiuquan,Kuaizhou 1,SSO,China Aerospace Science and Industry Corporation (CASIC),China Aerospace Science and Industry Corporation (CASIC),Remote Sensing,,S,S,
9/25/2013,Soyuz U2/Soyuz,Baikonur,Soyuz TMA-10M,LEO,Russian Federal Space Agency (Roscosmos),RKK Energia,Crewed,,S,S,
9/29/2013,Falcon 9 v1.1,VAFB,Cassiope,LEO,Canadian Space Agency (CSA),"MacDonald, Dettwiler, and Associates Ltd. (MDA)",Development,$56.5M,S,S,
9/30/2013,Proton M/ Breeze-M,Baikonur,*   Astra 2E,GEO,SES Astra,EADS Astrium,Communications,$85M,S,S,
10/25/2013,Long March 4B,Jiuquan,Shi Jian-16,LEO,China - TBA,China - TBA,Development,,S,S,
10/25/2013,Proton M/ Breeze-M,Baikonur,*   Sirius FM-6,GEO,Sirius Satellite Radio Inc.,Space Systems/Loral,Communications,$85M,S,S,
10/29/2013,Long March 2C,Taiyuan,Yaogan 18,SSO,China - TBA,China - TBA,Remote Sensing,,S,S,
11/5/2013,PSLV Standard,Satish Dhawan,Mangalyaan (Mars Orbiter India),EXT,ISRO,ISRO,Scientific,,S,S,
11/7/2013,Soyuz U2/Soyuz,Baikonur,Soyuz TMA-11M,LEO,Russian Federal Space Agency (Roscosmos),RKK Energia,Crewed,,S,S,
11/11/2013,Proton M/ Breeze-M,Baikonur ,Raduga-1M3,GEO,Russian Space Forces (VKS),Reshetnev Company,Communications,,S,S,
11/18/2013,Atlas V 401 ,CCAFS,MAVEN,EXT,NASA,Lockheed Martin Corp.,Scientific,,S,S,
11/19/2013,Minotaur I ,WFF,STPSAT-3,LEO,U.S. Air Force,Ball Aerospace and Technologies Corp.,Development,,S,S,
11/20/2013,Long March 4C ,Taiyuan,Yaogan 19,SSO,China - TBA,China - TBA,Remote Sensing,,S,S,
11/21/2013,Dnepr ,Dombarovskiy,DubaiSat 2,SSO,EIAST,Korean Advanced Institute of Science and Technology,Remote Sensing,$12M,S,S,
11/22/2013,Rockot ,Plesetsk,Swarm 1,LEO,European Space Agency,EADS Astrium,Scientific,$30M,S,S,
11/22/2013,Rockot ,Plesetsk,Swarm 2,LEO,European Space Agency,EADS Astrium,Scientific,,S,S,
11/22/2013,Rockot ,Plesetsk,Swarm 3,LEO,European Space Agency,EADS Astrium,Scientific,,S,S,
11/25/2013,Long March 2D ,Jiuquan,Shiyan Weixing-5,SSO,China - TBA,China - TBA,Remote Sensing,,S,S,
11/25/2013,Soyuz U2/ Progress,Baikonur,Progress M-21M,LEO,Russian Federal Space Agency (Roscosmos),RKK Energia,ISS,,S,S,
12/1/2013,Long March 3B ,Xichang,Chang'e 3 (Lander and Rover),EXT,China Academy of Space Technology (CAST),China Academy of Space Technology (CAST),Scientific,,S,S,
12/3/2013,Falcon 9 v1.1 ,CCAFS,*  SES-8,GEO,SES,Orbital Sciences Corp.,Communications,$56.5M,S,S,
12/5/2013,Atlas V 501 ,VAFB,NRO L-39,TBD,NRO,TBA,Classified,,S,S,
12/8/2013,Proton M/ Breeze-M,Baikonur,*   Inmarsat 5-F1,GEO,Inmarsat,Boeing Satellite Systems,Communications,$85M,S,S,
12/9/2013,Long March 4B ,Taiyuan,CBERS 3/Ziyuan-1C,SSO,INPE,China Academy of Space Technology (CAST),Remote Sensing,,F,F,
12/19/2013,Soyuz 2.1b ,Kourou,GAIA,EXT,European Space Agency,EADS Astrium,Scientific,,S,S,
12/20/2013,Long March 3B ,Xichang,*   Tupac Katari,GEO,Bolivian Space Agency,China Great Wall Industry Corp. (CGWIC),Communications,,S,S,
12/25/2013,Rockot ,Plesetsk,Cosmos 2488,LEO,Russian Space Forces (VKS),Reshetnev Company,Communications,,S,S,
12/25/2013,Rockot ,Plesetsk,Cosmos 2489,LEO,Russian Space Forces (VKS),Reshetnev Company,Communications,,S,S,
12/25/2013,Rockot ,Plesetsk,Cosmos 2489,LEO,Russian Space Forces (VKS),Reshetnev Company,Communications,,S,S,
12/26/2013,Proton M/ Breeze-M,Baikonur ,Express AM-5,GEO,Russian Satellite Communciation Co.,Reshetnev Company,Communications,,S,S,
12/28/2013,Soyuz 2.1v ,Plesetsk,AIST II,LEO,RKK Energia,RKK Energia,Development,,S,S,
12/28/2013,Soyuz 2.1v ,Plesetsk,SKRL-756 1,LEO,Russia - TBA,Russia - TBA,Test,,S,S,
12/28/2013,Soyuz 2.1v ,Plesetsk,SKRL-756 2,LEO,Russia - TBA,Russia - TBA,Test,,S,S,
1/5/2014,GSLV Mk.2," Satish Dhawan Space Center, Sriharikota, India",GSAT 14,GEO,ISRO,ISRO,Communications,,S,S,
1/6/2014,Falcon 9 v1.1," Cape Canaveral, FL, USA  ",Thaicom 6,GEO,Thaicom,Orbital Sciences Corp.,Communications,$61.2M,S,S,
1/9/2014,Antares 120, Wallops Island ,Cygnus/Orb 1,LEO,Orbital Sciences Corp.,Orbital Sciences Corp.,Cargo,$80M,S,S,
1/24/2014,Atlas 5-401," Cape Canaveral, FL, USA  ",TDRS-L,GEO,NASA,Boeing,Communications,,S,S,
2/5/2014,Soyuz U," Tyuratam/Baikonur, Kazakstahn",Progress M-22M,LEO,Roscosmos,RSC Energia,Cargo,,S,S,
2/6/2014,Ariane 5 ECA," Kourou, French Guyana",VA217/ABS2/Athena-Fidus,GEO,Itsalian Space Agency,Thales Alenia Space,Communications,$190M,S,S,
2/14/2014,Proton M/Briz M," Tyuratam/Baikonur, Kazakstahn",Turksat 4A,GEO,Turksat A.S,MELCO,Communications,$85M,S,S,
2/21/2014,"Delta 4M+4,2"," Cape Canaveral, FL, USA  ",GPS 2F-5,MEO,USAF,Boeing,Navigation,,S,S,
2/27/2014,H-2A-202," Tanageshima, Japan ",GPM Core Observatory,LEO,JAXA/NASA,"Nasa, JAXA, BALL Aerospace, NICT",Remote Sensing,,S,S,
3/15/2014,Proton M/Briz M," Tyuratam/Baikonur, Kazakstahn",Express AT1/AT2,GEO,RSCC,ISS Reshetnev,Communications,,S,S,
3/22/2014,Ariane 5 ECA," Kourou, French Guyana",VA216/Astra 5B/Amaz. 4A,GEO,SES,Airbus,Communications,,S,S,
3/23/2014,Soyuz 2-1b/Fregat," Plesetsk Northern Cosmodrome, Russia",Glonass M,MEO,Russian Aerospace Defence Forces,ISS Reshetnev,Navigation,,S,S,
3/25/2014,Soyuz FG," Tyuratam/Baikonur, Kazakstahn",Soyuz TMA-12M,LEO,Roscosmos,RSC Energia,Crewed,,S,S,
3/31/2014,CZ-2C," Ji Quan, China ",Shijian 11-06,SSO,PLA,CALT,Development,,S,S,
4/3/2014,Atlas 5-401," Vandenberg AFB, CA, USA",DMSP F19,LEO,USAF,Lockheed Martin Corp,Meteorological,,S,S,
4/3/2014,Soyuz 2-1a/Fregat," Kourou, French Guyana",Sentinal 1A,SSO,ESA,Thales Alenia Space,Scientific,,S,S,
4/4/2014,PSLV-XL," Satish Dhawan Space Center, Sriharikota, India",IRNSS 1B,GEO,ISRO,ISRO,Navigation,,S,S,
4/9/2014,Soyuz U," Tyuratam/Baikonur, Kazakstahn",Progress M-23M,LEO,Roscosmos,RSC Energia,Cargo,,S,S,
4/9/2014,Shavit 2," Palamchima, Isreal ",Ofek 10,LEO,IDF,IAI,IMINT,,S,S,
4/10/2014,Atlas 5-541," Cape Canaveral, FL, USA  ",NRO L-67,TBD,NRO,Classified,Classified,,S,S,
4/16/2014,Soyuz U," Tyuratam/Baikonur, Kazakstahn",Egyptsat 2,LEO,NARSS,RSC Energia,Remote Sensing,,S,S,
4/18/2014,Falcon 9 v1.1," Cape Canaveral, FL, USA  ",CRS-3 Dragon,LEO,SpaceX,SpaceX,Cargo,,S,S,
4/28/2014,Proton M/Briz M," Tyuratam/Baikonur, Kazakstahn",Luch 5v/Kazsat 3,GEO,Roscosmos,ISS Reshetnev,Communications,,S,S,
4/30/2014,Vega," Kourou, French Guyana",DZZ-HR,SSO,Kazakjstan Gharysh Sapary,Airbus,Remote Sensing,,S,S,
5/6/2014,Soyuz 2-1a," Plesetsk Northern Cosmodrome, Russia",Kobalt-M,LEO,Russian Aerospace Defence Forces,TsSKB Progress,IMINT,,S,S,
5/15/2014,Proton M/Briz M," Tyuratam/Baikonur, Kazakstahn",Ekspress AM4R,GEO,RSCC,ISS Reshetnev,Communications,,F,F,
5/17/2014,"Delta 4M+4,2"," Cape Canaveral, FL, USA  ",GPS 2F-6,MEO,USAF,Boeing,Navigation,,S,S,
5/22/2014,Atlas 5-401," Cape Canaveral, FL, USA  ",NROL-33,TBD,NRO,Classified,Classified,,S,S,
5/23/2014,Rokot/Briz KM," Plesetsk Northern Cosmodrome, Russia",Kosmos 2496-98 (Rodnik),LEO,Russian Aerospace Defence Forces,NPO PM,Communications,,S,S,
5/24/2014,H-2A-202," Tanageshima, Japan ",ALOS 2 + 4usats,SSO,JAXA,JAXA,Remote Sensing,,S,S,
5/26/2014,Zenit 3SL/DMSL, Pacific Ocean Range 154W-0N ,Eutelsat 3B,GEO,Eutelsat,Airbus,Communications,$95M,S,S,
5/28/2014,Soyuz FG," Tyuratam/Baikonur, Kazakstahn",Soyuz TMA-13M,LEO,Roscosmos,RSC Energia,Crewed,,S,S,
6/14/2014,Soyuz 2-1b/Fregat," Plesetsk Northern Cosmodrome, Russia",Glonass M,MEO,Russian Aerospace Defence Forces,ISS Reshetnev,Navigation,,S,S,
6/19/2014,Dnepr," Dombarovsky, Russia",Deimos 2 (37usats),SSO,Deimos Space,Satrec Initiative,Remote Sensing,,S,S,
6/30/2014,PSLV-CA," Satish Dhawan Space Center, Sriharikota, India",SPOT 7 (+4usats),SSO,Azercosmos,Airbus,Remote Sensing,,S,S,
7/2/2014,Delta 2,#N/A,OCO 2,SSO,NASA,Orbital Sciences Corp.,Remote Sensing,,S,S,
7/3/2014,Rokot/Briz KM," Plesetsk Northern Cosmodrome, Russia",3xGonet 3M,LEO,Roscosmos,NPO PM,Communications,,S,S,
7/8/2014,Soyuz 2-1b/Fregat," Tyuratam/Baikonur, Kazakstahn",Meteor M2 +6usats,SSO,Hydrometerological Center of Russia,NPP VNIIEM,Meteorological,,S,S,
7/10/2014,Soyuz 2-1b/Fregat," Kourou, French Guyana",VS08/O3bF2,MEO,O3b,Thales Alenia Space,Communications,$80M,S,S,
7/13/2014,Antares 120, Wallops Island ,Cygnus/Orb-2,LEO,Orbital Sciences Corp.,Orbital Sciences Corp.,Cargo,$80M,S,S,
7/14/2014,Falcon 9 v1.1," Cape Canaveral, FL, USA  ",Orbcomm OG2 (6sats),LEO,ORBCOMM,Sierra Nevada Corp.,Communications,$61.2M,S,S,
7/18/2014,Soyuz 2-1a," Tyuratam/Baikonur, Kazakstahn",Foton M4,LEO,Roscosmos,TsSKB Progress,Scientific,,S,S,
7/23/2014,Soyuz U," Tyuratam/Baikonur, Kazakstahn",Progress M-24M,LEO,Roscosmos,RSC Energia,Cargo,,S,S,
7/28/2014,"Delta 4M+4,2"," Cape Canaveral, FL, USA  ",2xGSSAP/ANGELS,GEO,USAF,Orbital Sciences Corp.,IMINT,,S,S,
7/29/2014,Ariane 5ES," Kourou, French Guyana",VA219/ATV 5,LEO,ESA,Airbus,Cargo,,S,S,
8/2/2014,Atlas 5-401," Cape Canaveral, FL, USA  ",GPS 2F7,MEO,USAF,Boeing,Navigation,,S,S,
8/5/2014,Falcon 9v1.1," Cape Canaveral, FL, USA  ",Asiasat 8,GEO,AsiaSat,Space Systems/Loral,Communications,$61.2M,S,S,
8/9/2014,CZ-4C," Ji Quan, China ",Yaogan 20,LEO,PLA,CAST,IMINT,,S,S,
8/13/2014,Atlas 5-401," Vandenberg AFB, CA, USA",Worldview 3,SSO,DigitalGlobe,Ball Aerospace,Remote Sensing,$150M,S,S,
8/19/2014,CZ-4B," Taiyuan, China ",Gaofen 2/BRITE-PL-2,SSO,CNSA,CAST,Remote Sensing,,S,S,
8/22/2014,Soyuz 2-1b/Fregat," Kourou, French Guyana",2xGalileo FOC-1,MEO,European Global Navigation Satellite System Agency,OHB System GmbH,Navigation,,F,F,
9/4/2014,CZ-2D," Ji Quan, China ",CX 1-04/Ling Qiao,SSO,Chinese Academy of Sciences,Chinese Academy of Sciences,Communications,,S,S,
9/7/2014,Falcon 9 v1.1," Cape Canaveral, FL, USA  ",Asiasat 6,GEO,AsiaSat,Space Systems/Loral,Communications,$61.2M,S,S,
9/8/2014,CZ-4B," Taiyuan, China ",Yaogan 21/Tiantuo 2,SSO,Chinese National Space Agency,CAST,IMINT,,S,S,
9/11/2014,Ariane 5 ECA," Kourou, French Guyana",VA218/Measat 3b/Optus 1,GEO,MEASAT Satellite Systems,Airbus,Communications,,S,S,
9/17/2014,Atlas 5-401," Cape Canaveral, FL, USA  ",CLIO,TBD,NRO,Classified,Classified,,S,S,
9/21/2014,Falcon 9 v1.1," Cape Canaveral, FL, USA  ",CRS-4 Dragon,LEO,SpaceX,SpaceX,Cargo,$61.2M,S,S,
9/25/2014,Soyuz FG," Tyuratam/Baikonur, Kazakstahn",Soyuz TMA-14M,LEO,Roscosmos,RSC Energia,Crewed,,S,S,
9/27/2014,Proton M/Briz M," Tyuratam/Baikonur, Kazakstahn",Olymp-K/Luch,GEO,Russian Aerospace Defence Forces,ISS Reshetnev,Communications,,S,S,
9/28/2014,CZ-2C," Ji Quan, China ",Shijian 11-07,SSO,PLA,Dongfanghong Satellite Co,Development,,S,S,
10/7/2014,H-2A-202," Tanageshima, Japan ",Himawari 8,GEO,Japan Meterological Agency,MELCO,Meteorological,,S,S,
10/15/2014,PSLV-XL," Satish Dhawan Space Center, Sriharikota, India",IRNSS 1C,GEO,ISRO,ISRO,Navigation,,S,S,
10/16/2014,Ariane 5 ECA," Kourou, French Guyana",VA220/Intlsat30/Arsat 1,GEO,Intelsat,Space Systems/Loral,Communications,$190M,S,S,
10/20/2014,CZ-4C," Taiyuan, China ",Yaogan 22,SSO,PLA,CAST,IMINT,,S,S,
10/21/2014,Proton M/Briz M," Tyuratam/Baikonur, Kazakstahn",Express AM6,GEO,RSCC,ISS Reshetnev,Communications,,S,S,
10/23/2014,CZ-3CE," Xi Chang, China ",Chang'e-5-T1,EXT,Chinese National Space Agency,CAST,Development,,S,S,
10/27/2014,CZ-2C," Ji Quan, China ",Shijian 11-08,SSO,PLA,Dongfanghong Satellite Co,Development,,S,S,
10/28/2014,Antares 130, Wallops Island ,Cygnus/Orb-3,LEO,Orbital Sciences Corp.,Orbital Sciences Corp.,Cargo,$80M,F,F,
10/29/2014,Soyuz 2-1A," Tyuratam/Baikonur, Kazakstahn",Progress M-25M,LEO,Roscosmos,RSC Energia,Cargo,,S,S,
10/29/2014,Atlas 5-401," Cape Canaveral, FL, USA  ",GPS 2F-8,MEO,USAF,Boeing,Navigation,,S,S,
10/30/2014,Soyuz 2-1A/Fregat," Plesetsk Northern Cosmodrome, Russia",Meridian 17L,ELI,Russian Aerospace Defence Forces,ISS Reshetnev,Communications,,S,S,
11/6/2014,Dnepr," Dombarovsky, Russia",ASNARO 1,SSO,J-spacesystems,NEC Corp.,Development,,S,S,
11/14/2014,CZ-2C," Taiyuan, China ",Yaogan 23,SSO,PLA,CAST,IMINT,,S,S,
11/20/2014,CZ-2D," Ji Quan, China ",Yaogan 24,SSO,PLA,CAST,IMINT,,S,S,
11/21/2014,Kuaizhou," Ji Quan, China ",Kuaizhou 2,LEO,Chinese Academy of Sciences,Chinese Academy of Sciences,Development,,S,S,
11/23/2014,Soyuz FG," Tyuratam/Baikonur, Kazakstahn",Soyuz TMA 15M,LEO,Roscosmos,RSC Energia,Crewed,,S,S,
11/30/2014,Soyuz 2-1b/Fregat," Plesetsk Northern Cosmodrome, Russia",Glonass K,MEO,Russian Aerospace Defence Forces,ISS Reshetnev,Navigation,,S,S,
12/3/2014,H-2A-202," Tanageshima, Japan ",Hayabusa 2,EXT,JAXA,NEC Corp.,Scientific,,S,S,
12/5/2014,Delta 4 Heavy," Cape Canaveral, FL, USA  ",EFT-1 (Orion),LEO,NASA,Lockheed Martin Corp,Development,$350M,S,S,
12/6/2014,Ariane 5 ECA," Kourou, French Guyana",DirecTV 14/GSAT 16,GEO,DirecTV,Space Systems/Loral,Communications,$190M,S,S,
12/7/2014,CZ-4B," Taiyuan, China ",CBERS 4,SSO,INPE/CASC,CASC,Remote Sensing,,S,S,
12/10/2014,CZ-4C," Ji Quan, China ",Yaogan 25,SSO,PLA,CAST,IMINT,,S,S,
12/13/2014,Atlas 5-541," Vandenberg AFB, CA, USA",NROL 35,TBD,NRO,Classified,Classified,,S,S,
12/15/2014,Proton M/Briz M," Tyuratam/Baikonur, Kazakstahn",Yamal 401,GEO,Gazprom Space Systems,Thales Alenia Space,Communications,,S,S,
12/18/2014,Soyuz 2-1b/Fregat," Kourou, French Guyana",4xO3b (F3),MEO,O3b,Thales Alenia Space,Communications,$80M,S,S,
12/19/2014,Strela," Tyuratam/Baikonur, Kazakstahn",Kondor-E,LEO,Roscosmos,NPO PM,Remote Sensing,,S,S,
12/23/2014,Angara A5/Briz M," Plesetsk Northern Cosmodrome, Russia",GVM Test Flight,LEO,Khurnichev,Khurnichev,Test,,S,S,
12/25/2014,Soyuz 2-1b," Plesetsk Northern Cosmodrome, Russia",Lotos-S,LEO,Russian Aerospace Defence Forces,"TsSKB Progress, KB Arsenal",ELINT,,S,S,
12/26/2014,Soyuz 2-1b," Tyuratam/Baikonur, Kazakstahn",Resurs P 2,SSO,Roscosmos,TsSKB Progress,Remote Sensing,,S,S,
12/27/2014,CZ-4B," Taiyuan, China ",Yaogan 26,SSO,PLA,CAST,IMINT,,S,S,
12/27/2014,Proton M/Briz M," Tyuratam/Baikonur, Kazakstahn",Astra 2G,GEO,SES,Airbus,Communications,$85M,S,S,
12/31/2014,CZ-3A," Xi Chang, China ",FY 2G,GEO,China Meteorological Administration,SAST,Meteorological,,S,S,
